{
  "per_fold": {
    "fold_0": {
      "overall": {
        "hamming_accuracy": 0.7869718309859155,
        "subset_accuracy": 0.2112676056338028,
        "precision": 0.6963389754579685,
        "recall": 0.6148703816344945,
        "f1": 0.6433417563785163
      },
      "per_manipulation": {
        "peer pressure": {
          "precision": 0.8148148148148148,
          "recall": 0.88,
          "f1": 0.8461538461538461
        },
        "reciprocity pressure": {
          "precision": 0.75,
          "recall": 0.46153846153846156,
          "f1": 0.5714285714285714
        },
        "gaslighting": {
          "precision": 0.6086956521739131,
          "recall": 0.4375,
          "f1": 0.509090909090909
        },
        "guilt-tripping": {
          "precision": 0.7777777777777778,
          "recall": 0.45161290322580644,
          "f1": 0.5714285714285714
        },
        "emotional blackmail": {
          "precision": 0.6,
          "recall": 0.6428571428571429,
          "f1": 0.6206896551724138
        },
        "fear enhancement": {
          "precision": 0.5357142857142857,
          "recall": 0.6,
          "f1": 0.5660377358490566
        },
        "negging": {
          "precision": 0.5714285714285714,
          "recall": 0.5,
          "f1": 0.5333333333333333
        },
        "general": {
          "precision": 0.9122807017543859,
          "recall": 0.9454545454545454,
          "f1": 0.9285714285714286
        }
      }
    },
    "fold_4": {
      "overall": {
        "hamming_accuracy": 0.7994186046511628,
        "subset_accuracy": 0.23837209302325582,
        "precision": 0.6666962501171106,
        "recall": 0.5752317764612118,
        "f1": 0.606479606464209
      },
      "per_manipulation": {
        "peer pressure": {
          "precision": 0.5365853658536586,
          "recall": 0.6470588235294118,
          "f1": 0.5866666666666667
        },
        "reciprocity pressure": {
          "precision": 0.5833333333333334,
          "recall": 0.42424242424242425,
          "f1": 0.49122807017543857
        },
        "gaslighting": {
          "precision": 0.8636363636363636,
          "recall": 0.4634146341463415,
          "f1": 0.6031746031746031
        },
        "guilt-tripping": {
          "precision": 0.72,
          "recall": 0.5373134328358209,
          "f1": 0.6153846153846154
        },
        "emotional blackmail": {
          "precision": 0.4583333333333333,
          "recall": 0.4782608695652174,
          "f1": 0.46808510638297873
        },
        "fear enhancement": {
          "precision": 0.6338028169014085,
          "recall": 0.7258064516129032,
          "f1": 0.6766917293233082
        },
        "negging": {
          "precision": 0.6363636363636364,
          "recall": 0.42424242424242425,
          "f1": 0.509090909090909
        },
        "general": {
          "precision": 0.9015151515151515,
          "recall": 0.9015151515151515,
          "f1": 0.9015151515151515
        }
      }
    },
    "fold_2": {
      "overall": {
        "hamming_accuracy": 0.7521551724137931,
        "subset_accuracy": 0.1896551724137931,
        "precision": 0.6147088798298476,
        "recall": 0.48356046811715414,
        "f1": 0.5290419598580324
      },
      "per_manipulation": {
        "peer pressure": {
          "precision": 0.2727272727272727,
          "recall": 0.3,
          "f1": 0.2857142857142857
        },
        "reciprocity pressure": {
          "precision": 0.625,
          "recall": 0.45454545454545453,
          "f1": 0.5263157894736842
        },
        "gaslighting": {
          "precision": 0.7272727272727273,
          "recall": 0.375,
          "f1": 0.4948453608247423
        },
        "guilt-tripping": {
          "precision": 0.7692307692307693,
          "recall": 0.46511627906976744,
          "f1": 0.5797101449275363
        },
        "emotional blackmail": {
          "precision": 0.38461538461538464,
          "recall": 0.4166666666666667,
          "f1": 0.4
        },
        "fear enhancement": {
          "precision": 0.6428571428571429,
          "recall": 0.6545454545454545,
          "f1": 0.6486486486486487
        },
        "negging": {
          "precision": 0.625,
          "recall": 0.3125,
          "f1": 0.4166666666666667
        },
        "general": {
          "precision": 0.8709677419354839,
          "recall": 0.8901098901098901,
          "f1": 0.8804347826086957
        }
      }
    },
    "fold_1": {
      "overall": {
        "hamming_accuracy": 0.7364130434782609,
        "subset_accuracy": 0.17391304347826086,
        "precision": 0.5901849037487334,
        "recall": 0.4870787124999867,
        "f1": 0.5154262896081163
      },
      "per_manipulation": {
        "peer pressure": {
          "precision": 0.6666666666666666,
          "recall": 0.8421052631578947,
          "f1": 0.7441860465116279
        },
        "reciprocity pressure": {
          "precision": 0.42857142857142855,
          "recall": 0.23076923076923078,
          "f1": 0.3
        },
        "gaslighting": {
          "precision": 0.65,
          "recall": 0.25,
          "f1": 0.3611111111111111
        },
        "guilt-tripping": {
          "precision": 0.6153846153846154,
          "recall": 0.4444444444444444,
          "f1": 0.5161290322580645
        },
        "emotional blackmail": {
          "precision": 0.4166666666666667,
          "recall": 0.38461538461538464,
          "f1": 0.4
        },
        "fear enhancement": {
          "precision": 0.6595744680851063,
          "recall": 0.7209302325581395,
          "f1": 0.6888888888888889
        },
        "negging": {
          "precision": 0.38461538461538464,
          "recall": 0.1724137931034483,
          "f1": 0.23809523809523808
        },
        "general": {
          "precision": 0.9,
          "recall": 0.8513513513513513,
          "f1": 0.875
        }
      }
    },
    "fold_3": {
      "overall": {
        "hamming_accuracy": 0.7868303571428571,
        "subset_accuracy": 0.2767857142857143,
        "precision": 0.677398517430845,
        "recall": 0.5712030980253135,
        "f1": 0.6034557243734244
      },
      "per_manipulation": {
        "peer pressure": {
          "precision": 0.5384615384615384,
          "recall": 0.6774193548387096,
          "f1": 0.6
        },
        "reciprocity pressure": {
          "precision": 0.8333333333333334,
          "recall": 0.5555555555555556,
          "f1": 0.6666666666666666
        },
        "gaslighting": {
          "precision": 0.8125,
          "recall": 0.49056603773584906,
          "f1": 0.611764705882353
        },
        "guilt-tripping": {
          "precision": 0.7586206896551724,
          "recall": 0.4782608695652174,
          "f1": 0.5866666666666667
        },
        "emotional blackmail": {
          "precision": 0.42857142857142855,
          "recall": 0.6666666666666666,
          "f1": 0.5217391304347826
        },
        "fear enhancement": {
          "precision": 0.5666666666666667,
          "recall": 0.4473684210526316,
          "f1": 0.5
        },
        "negging": {
          "precision": 0.55,
          "recall": 0.3333333333333333,
          "f1": 0.41509433962264153
        },
        "general": {
          "precision": 0.9310344827586207,
          "recall": 0.9204545454545454,
          "f1": 0.9257142857142857
        }
      }
    }
  },
  "statistical_analysis": {
    "overall": {
      "hamming_accuracy": {
        "mean": 0.7723578017343978,
        "std": 0.02389763018825513,
        "var": 0.0005710967286146029,
        "confidence_interval_95": [
          0.7426849746872539,
          0.8020306287815417
        ]
      },
      "subset_accuracy": {
        "mean": 0.21799872576696538,
        "std": 0.03650533246049128,
        "var": 0.001332639298050998,
        "confidence_interval_95": [
          0.17267136870831404,
          0.2633260828256167
        ]
      },