{
  "per_fold": {
    "fold_0": {
      "overall": {
        "hamming_accuracy": 0.7693661971830986,
        "subset_accuracy": 0.2112676056338028,
        "precision": 0.7185165658478476,
        "recall": 0.5502500422964133,
        "f1": 0.5971655511549129
      },
      "per_manipulation": {
        "peer pressure": {
          "precision": 0.7727272727272727,
          "recall": 0.68,
          "f1": 0.723404255319149
        },
        "reciprocity pressure": {
          "precision": 0.75,
          "recall": 0.46153846153846156,
          "f1": 0.5714285714285714
        },
        "gaslighting": {
          "precision": 1.0,
          "recall": 0.25,
          "f1": 0.4
        },
        "guilt-tripping": {
          "precision": 0.625,
          "recall": 0.4838709677419355,
          "f1": 0.5454545454545454
        },
        "emotional blackmail": {
          "precision": 0.5384615384615384,
          "recall": 0.5,
          "f1": 0.5185185185185185
        },
        "fear enhancement": {
          "precision": 0.5483870967741935,
          "recall": 0.68,
          "f1": 0.6071428571428571
        },
        "negging": {
          "precision": 0.6363636363636364,
          "recall": 0.4375,
          "f1": 0.5185185185185185
        },
        "general": {
          "precision": 0.8771929824561403,
          "recall": 0.9090909090909091,
          "f1": 0.8928571428571429
        }
      }
    },
    "fold_4": {
      "overall": {
        "hamming_accuracy": 0.779796511627907,
        "subset_accuracy": 0.22093023255813954,
        "precision": 0.6751298606468488,
        "recall": 0.5293491671699905,
        "f1": 0.5665794703613805
      },
      "per_manipulation": {
        "peer pressure": {
          "precision": 0.6551724137931034,
          "recall": 0.5588235294117647,
          "f1": 0.6031746031746031
        },
        "reciprocity pressure": {
          "precision": 0.56,
          "recall": 0.42424242424242425,
          "f1": 0.4827586206896552
        },
        "gaslighting": {
          "precision": 0.9565217391304348,
          "recall": 0.2682926829268293,
          "f1": 0.41904761904761906
        },
        "guilt-tripping": {
          "precision": 0.6842105263157895,
          "recall": 0.582089552238806,
          "f1": 0.6290322580645161
        },
        "emotional blackmail": {
          "precision": 0.5714285714285714,
          "recall": 0.34782608695652173,
          "f1": 0.43243243243243246
        },
        "fear enhancement": {
          "precision": 0.49473684210526314,
          "recall": 0.7580645161290323,
          "f1": 0.5987261146496815
        },
        "negging": {
          "precision": 0.5909090909090909,
          "recall": 0.3939393939393939,
          "f1": 0.4727272727272727
        },
        "general": {
          "precision": 0.8880597014925373,
          "recall": 0.9015151515151515,
          "f1": 0.8947368421052632
        }
      }
    },
    "fold_2": {
      "overall": {
        "hamming_accuracy": 0.7661637931034483,
        "subset_accuracy": 0.20689655172413793,
        "precision": 0.720508216873706,
        "recall": 0.4759205698613402,
        "f1": 0.5421152548359895
      },
      "per_manipulation": {
        "peer pressure": {
          "precision": 0.5833333333333334,
          "recall": 0.35,
          "f1": 0.4375
        },
        "reciprocity pressure": {
          "precision": 0.7333333333333333,
          "recall": 0.5,
          "f1": 0.5945945945945946
        },
        "gaslighting": {
          "precision": 0.9166666666666666,
          "recall": 0.171875,
          "f1": 0.2894736842105263
        },
        "guilt-tripping": {
          "precision": 0.65625,
          "recall": 0.4883720930232558,
          "f1": 0.56
        },
        "emotional blackmail": {
          "precision": 0.625,
          "recall": 0.4166666666666667,
          "f1": 0.5
        },
        "fear enhancement": {
          "precision": 0.6190476190476191,
          "recall": 0.7090909090909091,
          "f1": 0.6610169491525424
        },
        "negging": {
          "precision": 0.75,
          "recall": 0.28125,
          "f1": 0.4090909090909091
        },
        "general": {
          "precision": 0.8804347826086957,
          "recall": 0.8901098901098901,
          "f1": 0.8852459016393442
        }
      }
    },
    "fold_1": {
      "overall": {
        "hamming_accuracy": 0.7309782608695652,
        "subset_accuracy": 0.15217391304347827,
        "precision": 0.6418464930907724,
        "recall": 0.44851059796797993,
        "f1": 0.49622132724849194
      },
      "per_manipulation": {
        "peer pressure": {
          "precision": 0.7894736842105263,
          "recall": 0.7894736842105263,
          "f1": 0.7894736842105263
        },
        "reciprocity pressure": {
          "precision": 0.5,
          "recall": 0.23076923076923078,
          "f1": 0.3157894736842105
        },
        "gaslighting": {
          "precision": 0.9,
          "recall": 0.17307692307692307,
          "f1": 0.2903225806451613
        },
        "guilt-tripping": {
          "precision": 0.5185185185185185,
          "recall": 0.3888888888888889,
          "f1": 0.4444444444444444
        },
        "emotional blackmail": {
          "precision": 0.5714285714285714,
          "recall": 0.3076923076923077,
          "f1": 0.4
        },
        "fear enhancement": {
          "precision": 0.5576923076923077,
          "recall": 0.6744186046511628,
          "f1": 0.6105263157894737
        },
        "negging": {
          "precision": 0.38461538461538464,
          "recall": 0.1724137931034483,
          "f1": 0.23809523809523808
        },
        "general": {
          "precision": 0.9130434782608695,
          "recall": 0.8513513513513513,
          "f1": 0.8811188811188811
        }
      }
    },
    "fold_3": {
      "overall": {
        "hamming_accuracy": 0.7857142857142857,
        "subset_accuracy": 0.2857142857142857,
        "precision": 0.7141241475213628,
        "recall": 0.5434527932643116,
        "f1": 0.5959580617587368
      },
      "per_manipulation": {
        "peer pressure": {
          "precision": 0.7307692307692307,
          "recall": 0.6129032258064516,
          "f1": 0.6666666666666666
        },
        "reciprocity pressure": {
          "precision": 0.8,
          "recall": 0.4444444444444444,
          "f1": 0.5714285714285714
        },
        "gaslighting": {
          "precision": 0.9411764705882353,
          "recall": 0.3018867924528302,
          "f1": 0.45714285714285713
        },
        "guilt-tripping": {
          "precision": 0.6756756756756757,
          "recall": 0.5434782608695652,
          "f1": 0.6024096385542169
        },
        "emotional blackmail": {
          "precision": 0.5555555555555556,
          "recall": 0.5555555555555556,
          "f1": 0.5555555555555556
        },
        "fear enhancement": {
          "precision": 0.48936170212765956,
          "recall": 0.6052631578947368,
          "f1": 0.5411764705882353
        },
        "negging": {
          "precision": 0.6,
          "recall": 0.36363636363636365,
          "f1": 0.4528301886792453
        },
        "general": {
          "precision": 0.9204545454545454,
          "recall": 0.9204545454545454,
          "f1": 0.9204545454545454
        }
      }
    }
  },
  "statistical_analysis": {
    "overall": {
      "hamming_accuracy": {
        "mean": 0.7664038096996609,
        "std": 0.01905813110634003,
        "var": 0.0003632123612664455,
        "confidence_interval_95": [
          0.7427400144318712,
          0.7900676049674507
        ]
      },
      "subset_accuracy": {
        "mean": 0.21539651773476884,
        "std": 0.042571364964346964,
        "var": 0.001812321114927628,
        "confidence_interval_95": [
          0.16253718650414606,
          0.2682558489653916
        ]
      },