{
  "per_fold": {
    "fold_0": {
      "overall": {
        "hamming_accuracy": 0.7711267605633803,
        "subset_accuracy": 0.18309859154929578,
        "precision": 0.7417232671543017,
        "recall": 0.527790974146821,
        "f1": 0.5936359646525562
      },
      "per_manipulation": {
        "peer pressure": {
          "precision": 0.8,
          "recall": 0.64,
          "f1": 0.7111111111111111
        },
        "reciprocity pressure": {
          "precision": 0.7777777777777778,
          "recall": 0.5384615384615384,
          "f1": 0.6363636363636364
        },
        "gaslighting": {
          "precision": 1.0,
          "recall": 0.21875,
          "f1": 0.358974358974359
        },
        "guilt-tripping": {
          "precision": 0.6,
          "recall": 0.3870967741935484,
          "f1": 0.47058823529411764
        },
        "emotional blackmail": {
          "precision": 0.6666666666666666,
          "recall": 0.5714285714285714,
          "f1": 0.6153846153846154
        },
        "fear enhancement": {
          "precision": 0.5909090909090909,
          "recall": 0.52,
          "f1": 0.5531914893617021
        },
        "negging": {
          "precision": 0.6363636363636364,
          "recall": 0.4375,
          "f1": 0.5185185185185185
        },
        "general": {
          "precision": 0.8620689655172413,
          "recall": 0.9090909090909091,
          "f1": 0.8849557522123894
        }
      }
    },
    "fold_4": {
      "overall": {
        "hamming_accuracy": 0.7972383720930233,
        "subset_accuracy": 0.26744186046511625,
        "precision": 0.7105356209882072,
        "recall": 0.5063148412671394,
        "f1": 0.5722157452149206
      },
      "per_manipulation": {
        "peer pressure": {
          "precision": 0.6551724137931034,
          "recall": 0.5588235294117647,
          "f1": 0.6031746031746031
        },
        "reciprocity pressure": {
          "precision": 0.5833333333333334,
          "recall": 0.42424242424242425,
          "f1": 0.49122807017543857
        },
        "gaslighting": {
          "precision": 0.9545454545454546,
          "recall": 0.25609756097560976,
          "f1": 0.40384615384615385
        },
        "guilt-tripping": {
          "precision": 0.6727272727272727,
          "recall": 0.5522388059701493,
          "f1": 0.6065573770491803
        },
        "emotional blackmail": {
          "precision": 0.5333333333333333,
          "recall": 0.34782608695652173,
          "f1": 0.42105263157894735
        },
        "fear enhancement": {
          "precision": 0.7321428571428571,
          "recall": 0.6612903225806451,
          "f1": 0.6949152542372882
        },
        "negging": {
          "precision": 0.6666666666666666,
          "recall": 0.36363636363636365,
          "f1": 0.47058823529411764
        },
        "general": {
          "precision": 0.8863636363636364,
          "recall": 0.8863636363636364,
          "f1": 0.8863636363636364
        }
      }
    },
    "fold_2": {
      "overall": {
        "hamming_accuracy": 0.7640086206896551,
        "subset_accuracy": 0.21551724137931033,
        "precision": 0.7102227559674368,
        "recall": 0.46790188372673835,
        "f1": 0.5369129999014619
      },
      "per_manipulation": {
        "peer pressure": {
          "precision": 0.42857142857142855,
          "recall": 0.3,
          "f1": 0.35294117647058826
        },
        "reciprocity pressure": {
          "precision": 0.7142857142857143,
          "recall": 0.45454545454545453,
          "f1": 0.5555555555555556
        },
        "gaslighting": {
          "precision": 0.9090909090909091,
          "recall": 0.15625,
          "f1": 0.26666666666666666
        },
        "guilt-tripping": {
          "precision": 0.7333333333333333,
          "recall": 0.5116279069767442,
          "f1": 0.6027397260273972
        },
        "emotional blackmail": {
          "precision": 0.6666666666666666,
          "recall": 0.5,
          "f1": 0.5714285714285714
        },
        "fear enhancement": {
          "precision": 0.6538461538461539,
          "recall": 0.6181818181818182,
          "f1": 0.6355140186915887
        },
        "negging": {
          "precision": 0.7142857142857143,
          "recall": 0.3125,
          "f1": 0.43478260869565216
        },
        "general": {
          "precision": 0.8617021276595744,
          "recall": 0.8901098901098901,
          "f1": 0.8756756756756757
        }
      }
    },
    "fold_1": {
      "overall": {
        "hamming_accuracy": 0.7391304347826086,
        "subset_accuracy": 0.17391304347826086,
        "precision": 0.65244355504653,
        "recall": 0.43502536322673074,
        "f1": 0.49747269331310073
      },
      "per_manipulation": {
        "peer pressure": {
          "precision": 0.7894736842105263,
          "recall": 0.7894736842105263,
          "f1": 0.7894736842105263
        },
        "reciprocity pressure": {
          "precision": 0.42857142857142855,
          "recall": 0.23076923076923078,
          "f1": 0.3
        },
        "gaslighting": {
          "precision": 1.0,
          "recall": 0.21153846153846154,
          "f1": 0.3492063492063492
        },
        "guilt-tripping": {
          "precision": 0.5,
          "recall": 0.3611111111111111,
          "f1": 0.41935483870967744
        },
        "emotional blackmail": {
          "precision": 0.4444444444444444,
          "recall": 0.3076923076923077,
          "f1": 0.36363636363636365
        },
        "fear enhancement": {
          "precision": 0.696969696969697,
          "recall": 0.5348837209302325,
          "f1": 0.6052631578947368
        },
        "negging": {
          "precision": 0.46153846153846156,
          "recall": 0.20689655172413793,
          "f1": 0.2857142857142857
        },
        "general": {
          "precision": 0.8985507246376812,
          "recall": 0.8378378378378378,
          "f1": 0.8671328671328671
        }
      }
    },
    "fold_3": {
      "overall": {
        "hamming_accuracy": 0.7868303571428571,
        "subset_accuracy": 0.3125,
        "precision": 0.7428412807046527,
        "recall": 0.48903917284126786,
        "f1": 0.5666322826990411
      },
      "per_manipulation": {
        "peer pressure": {
          "precision": 0.6923076923076923,
          "recall": 0.5806451612903226,
          "f1": 0.631578947368421
        },
        "reciprocity pressure": {
          "precision": 0.9,
          "recall": 0.5,
          "f1": 0.6428571428571429
        },
        "gaslighting": {
          "precision": 1.0,
          "recall": 0.2641509433962264,
          "f1": 0.417910447761194
        },
        "guilt-tripping": {
          "precision": 0.6571428571428571,
          "recall": 0.5,
          "f1": 0.5679012345679012
        },
        "emotional blackmail": {
          "precision": 0.625,
          "recall": 0.5555555555555556,
          "f1": 0.5882352941176471
        },
        "fear enhancement": {
          "precision": 0.5925925925925926,
          "recall": 0.42105263157894735,
          "f1": 0.49230769230769234
        },
        "negging": {
          "precision": 0.5454545454545454,
          "recall": 0.18181818181818182,
          "f1": 0.2727272727272727
        },
        "general": {
          "precision": 0.9302325581395349,
          "recall": 0.9090909090909091,
          "f1": 0.9195402298850575
        }
      }
    }
  },
  "statistical_analysis": {
    "overall": {
      "hamming_accuracy": {
        "mean": 0.7716669090543049,
        "std": 0.020006964682209485,
        "var": 0.00040027863579517763,
        "confidence_interval_95": [
          0.7468249812950711,
          0.7965088368135387
        ]
      },
      "subset_accuracy": {
        "mean": 0.2304941473743966,
        "std": 0.05246362761141766,
        "var": 0.0027524322221495054,