{
  "per_fold": {
    "fold_0": {
      "overall": {
        "hamming_accuracy": 0.7640845070422535,
        "subset_accuracy": 0.2112676056338028,
        "precision": 0.684834869302412,
        "recall": 0.624392422094035,
        "f1": 0.6112089196488173
      },
      "per_manipulation": {
        "peer pressure": {
          "precision": 0.7333333333333333,
          "recall": 0.88,
          "f1": 0.8
        },
        "reciprocity pressure": {
          "precision": 0.875,
          "recall": 0.5384615384615384,
          "f1": 0.6666666666666666
        },
        "gaslighting": {
          "precision": 0.8571428571428571,
          "recall": 0.1875,
          "f1": 0.3076923076923077
        },
        "guilt-tripping": {
          "precision": 0.7,
          "recall": 0.45161290322580644,
          "f1": 0.5490196078431373
        },
        "emotional blackmail": {
          "precision": 0.34782608695652173,
          "recall": 0.5714285714285714,
          "f1": 0.43243243243243246
        },
        "fear enhancement": {
          "precision": 0.5526315789473685,
          "recall": 0.84,
          "f1": 0.6666666666666666
        },
        "negging": {
          "precision": 0.5294117647058824,
          "recall": 0.5625,
          "f1": 0.5454545454545454
        },
        "general": {
          "precision": 0.8833333333333333,
          "recall": 0.9636363636363636,
          "f1": 0.9217391304347826
        }
      }
    },
    "fold_4": {
      "overall": {
        "hamming_accuracy": 0.778343023255814,
        "subset_accuracy": 0.22093023255813954,
        "precision": 0.643405066597776,
        "recall": 0.6237369355717912,
        "f1": 0.5965584748323938
      },
      "per_manipulation": {
        "peer pressure": {
          "precision": 0.4716981132075472,
          "recall": 0.7352941176470589,
          "f1": 0.5747126436781609
        },
        "reciprocity pressure": {
          "precision": 0.6,
          "recall": 0.45454545454545453,
          "f1": 0.5172413793103449
        },
        "gaslighting": {
          "precision": 0.9090909090909091,
          "recall": 0.24390243902439024,
          "f1": 0.38461538461538464
        },
        "guilt-tripping": {
          "precision": 0.6842105263157895,
          "recall": 0.582089552238806,
          "f1": 0.6290322580645161
        },
        "emotional blackmail": {
          "precision": 0.38235294117647056,
          "recall": 0.5652173913043478,
          "f1": 0.45614035087719296
        },
        "fear enhancement": {
          "precision": 0.5454545454545454,
          "recall": 0.8709677419354839,
          "f1": 0.6708074534161491
        },
        "negging": {
          "precision": 0.6785714285714286,
          "recall": 0.5757575757575758,
          "f1": 0.6229508196721312
        },
        "general": {
          "precision": 0.8758620689655172,
          "recall": 0.9621212121212122,
          "f1": 0.9169675090252708
        }
      }
    },
    "fold_2": {
      "overall": {
        "hamming_accuracy": 0.71875,
        "subset_accuracy": 0.12931034482758622,
        "precision": 0.5745612170612171,
        "recall": 0.5050493716554764,
        "f1": 0.4937823668604499
      },
      "per_manipulation": {
        "peer pressure": {
          "precision": 0.25,
          "recall": 0.35,
          "f1": 0.2916666666666667
        },
        "reciprocity pressure": {
          "precision": 0.6666666666666666,
          "recall": 0.45454545454545453,
          "f1": 0.5405405405405406
        },
        "gaslighting": {
          "precision": 0.9090909090909091,
          "recall": 0.15625,
          "f1": 0.26666666666666666
        },
        "guilt-tripping": {
          "precision": 0.6666666666666666,
          "recall": 0.5116279069767442,
          "f1": 0.5789473684210527
        },
        "emotional blackmail": {
          "precision": 0.18518518518518517,
          "recall": 0.4166666666666667,
          "f1": 0.2564102564102564
        },
        "fear enhancement": {
          "precision": 0.5945945945945946,
          "recall": 0.8,
          "f1": 0.6821705426356589
        },
        "negging": {
          "precision": 0.4642857142857143,
          "recall": 0.40625,
          "f1": 0.43333333333333335
        },
        "general": {
          "precision": 0.86,
          "recall": 0.945054945054945,
          "f1": 0.900523560209424
        }
      }
    },
    "fold_1": {
      "overall": {
        "hamming_accuracy": 0.71875,
        "subset_accuracy": 0.11956521739130435,
        "precision": 0.5993884772317266,
        "recall": 0.5446922646570221,
        "f1": 0.5246756551216943
      },
      "per_manipulation": {
        "peer pressure": {
          "precision": 0.68,
          "recall": 0.8947368421052632,
          "f1": 0.7727272727272727
        },
        "reciprocity pressure": {
          "precision": 0.42857142857142855,
          "recall": 0.23076923076923078,
          "f1": 0.3
        },
        "gaslighting": {
          "precision": 1.0,
          "recall": 0.17307692307692307,
          "f1": 0.29508196721311475
        },
        "guilt-tripping": {
          "precision": 0.4857142857142857,
          "recall": 0.4722222222222222,
          "f1": 0.4788732394366197
        },
        "emotional blackmail": {
          "precision": 0.21739130434782608,
          "recall": 0.38461538461538464,
          "f1": 0.2777777777777778
        },
        "fear enhancement": {
          "precision": 0.5833333333333334,
          "recall": 0.813953488372093,
          "f1": 0.6796116504854369
        },
        "negging": {
          "precision": 0.5185185185185185,
          "recall": 0.4827586206896552,
          "f1": 0.5
        },
        "general": {
          "precision": 0.881578947368421,
          "recall": 0.9054054054054054,
          "f1": 0.8933333333333333
        }
      }
    },
    "fold_3": {
      "overall": {
        "hamming_accuracy": 0.75,
        "subset_accuracy": 0.19642857142857142,
        "precision": 0.6450677172152182,
        "recall": 0.5533164754523596,
        "f1": 0.5483967921761346
      },
      "per_manipulation": {
        "peer pressure": {
          "precision": 0.5365853658536586,
          "recall": 0.7096774193548387,
          "f1": 0.6111111111111112
        },
        "reciprocity pressure": {
          "precision": 0.8,
          "recall": 0.4444444444444444,
          "f1": 0.5714285714285714
        },
        "gaslighting": {
          "precision": 1.0,
          "recall": 0.22641509433962265,
          "f1": 0.36923076923076925
        },
        "guilt-tripping": {
          "precision": 0.7272727272727273,
          "recall": 0.5217391304347826,
          "f1": 0.6075949367088608
        },
        "emotional blackmail": {
          "precision": 0.2631578947368421,
          "recall": 0.5555555555555556,
          "f1": 0.35714285714285715
        },
        "fear enhancement": {
          "precision": 0.42105263157894735,
          "recall": 0.631578947368421,
          "f1": 0.5052631578947369
        },
        "negging": {
          "precision": 0.52,
          "recall": 0.3939393939393939,
          "f1": 0.4482758620689655
        },
        "general": {
          "precision": 0.8924731182795699,
          "recall": 0.9431818181818182,
          "f1": 0.9171270718232044
        }
      }
    }
  },
  "statistical_analysis": {
    "overall": {
      "hamming_accuracy": {
        "mean": 0.7459855060596136,
        "std": 0.023976006748063362,
        "var": 0.0005748488995831798,
        "confidence_interval_95": [
          0.7162153616598527,
          0.7757556504593744
        ]
      },
      "subset_accuracy": {
        "mean": 0.17550039436788084,
        "std": 0.042528618352242774,
        "var": 0.001808683378950721,
        "confidence_interval_95": [
          0.12269414006655299,
          0.2283066486692087
        ]
      },