{
  "per_fold": {
    "fold_0": {
      "overall": {
        "hamming_accuracy": 0.7887323943661971,
        "subset_accuracy": 0.16901408450704225,
        "precision": 0.733444118142394,
        "recall": 0.6328679334778124,
        "f1": 0.6433694015709099
      },
      "per_manipulation": {
        "peer pressure": {
          "precision": 0.7777777777777778,
          "recall": 0.84,
          "f1": 0.8076923076923077
        },
        "reciprocity pressure": {
          "precision": 0.75,
          "recall": 0.46153846153846156,
          "f1": 0.5714285714285714
        },
        "gaslighting": {
          "precision": 1.0,
          "recall": 0.28125,
          "f1": 0.43902439024390244
        },
        "guilt-tripping": {
          "precision": 0.6666666666666666,
          "recall": 0.5161290322580645,
          "f1": 0.5818181818181818
        },
        "emotional blackmail": {
          "precision": 0.6666666666666666,
          "recall": 0.42857142857142855,
          "f1": 0.5217391304347826
        },
        "fear enhancement": {
          "precision": 0.5384615384615384,
          "recall": 0.84,
          "f1": 0.65625
        },
        "negging": {
          "precision": 0.5714285714285714,
          "recall": 0.75,
          "f1": 0.6486486486486487
        },
        "general": {
          "precision": 0.896551724137931,
          "recall": 0.9454545454545454,
          "f1": 0.9203539823008849
        }
      }
    },
    "fold_4": {
      "overall": {
        "hamming_accuracy": 0.7667151162790697,
        "subset_accuracy": 0.18604651162790697,
        "precision": 0.6377224539809881,
        "recall": 0.5946648915850932,
        "f1": 0.5821481422334377
      },
      "per_manipulation": {
        "peer pressure": {
          "precision": 0.4791666666666667,
          "recall": 0.6764705882352942,
          "f1": 0.5609756097560976
        },
        "reciprocity pressure": {
          "precision": 0.6,
          "recall": 0.45454545454545453,
          "f1": 0.5172413793103449
        },
        "gaslighting": {
          "precision": 0.88,
          "recall": 0.2682926829268293,
          "f1": 0.411214953271028
        },
        "guilt-tripping": {
          "precision": 0.7115384615384616,
          "recall": 0.5522388059701493,
          "f1": 0.6218487394957983
        },
        "emotional blackmail": {
          "precision": 0.5294117647058824,
          "recall": 0.391304347826087,
          "f1": 0.45
        },
        "fear enhancement": {
          "precision": 0.45614035087719296,
          "recall": 0.8387096774193549,
          "f1": 0.5909090909090909
        },
        "negging": {
          "precision": 0.55,
          "recall": 0.6666666666666666,
          "f1": 0.6027397260273972
        },
        "general": {
          "precision": 0.8955223880597015,
          "recall": 0.9090909090909091,
          "f1": 0.9022556390977443
        }
      }
    },
    "fold_2": {
      "overall": {
        "hamming_accuracy": 0.7424568965517241,
        "subset_accuracy": 0.13793103448275862,
        "precision": 0.6299162007104486,
        "recall": 0.5304206028951668,
        "f1": 0.5391078791910539
      },
      "per_manipulation": {
        "peer pressure": {
          "precision": 0.36363636363636365,
          "recall": 0.4,
          "f1": 0.38095238095238093
        },
        "reciprocity pressure": {
          "precision": 0.6666666666666666,
          "recall": 0.45454545454545453,
          "f1": 0.5405405405405406
        },
        "gaslighting": {
          "precision": 0.9090909090909091,
          "recall": 0.15625,
          "f1": 0.26666666666666666
        },
        "guilt-tripping": {
          "precision": 0.6052631578947368,
          "recall": 0.5348837209302325,
          "f1": 0.5679012345679012
        },
        "emotional blackmail": {
          "precision": 0.5555555555555556,
          "recall": 0.4166666666666667,
          "f1": 0.47619047619047616
        },
        "fear enhancement": {
          "precision": 0.5975609756097561,
          "recall": 0.8909090909090909,
          "f1": 0.7153284671532847
        },
        "negging": {
          "precision": 0.47058823529411764,
          "recall": 0.5,
          "f1": 0.48484848484848486
        },
        "general": {
          "precision": 0.8709677419354839,
          "recall": 0.8901098901098901,
          "f1": 0.8804347826086957
        }
      }
    },
    "fold_1": {
      "overall": {
        "hamming_accuracy": 0.7350543478260869,
        "subset_accuracy": 0.11956521739130435,
        "precision": 0.6392927770581223,
        "recall": 0.5168920838396,
        "f1": 0.5318571693336743
      },
      "per_manipulation": {
        "peer pressure": {
          "precision": 0.7391304347826086,
          "recall": 0.8947368421052632,
          "f1": 0.8095238095238095
        },
        "reciprocity pressure": {
          "precision": 0.42857142857142855,
          "recall": 0.23076923076923078,
          "f1": 0.3
        },
        "gaslighting": {
          "precision": 1.0,
          "recall": 0.19230769230769232,
          "f1": 0.3225806451612903
        },
        "guilt-tripping": {
          "precision": 0.5454545454545454,
          "recall": 0.5,
          "f1": 0.5217391304347826
        },
        "emotional blackmail": {
          "precision": 0.42857142857142855,
          "recall": 0.23076923076923078,
          "f1": 0.3
        },
        "fear enhancement": {
          "precision": 0.5555555555555556,
          "recall": 0.813953488372093,
          "f1": 0.660377358490566
        },
        "negging": {
          "precision": 0.52,
          "recall": 0.4482758620689655,
          "f1": 0.48148148148148145
        },
        "general": {
          "precision": 0.8970588235294118,
          "recall": 0.8243243243243243,
          "f1": 0.8591549295774648
        }
      }
    },
    "fold_3": {
      "overall": {
        "hamming_accuracy": 0.7566964285714286,
        "subset_accuracy": 0.19642857142857142,
        "precision": 0.6762517563440396,
        "recall": 0.5602547801237878,
        "f1": 0.5756394592550188
      },
      "per_manipulation": {
        "peer pressure": {
          "precision": 0.5641025641025641,
          "recall": 0.7096774193548387,
          "f1": 0.6285714285714286
        },
        "reciprocity pressure": {
          "precision": 0.75,
          "recall": 0.5,
          "f1": 0.6
        },
        "gaslighting": {
          "precision": 1.0,
          "recall": 0.22641509433962265,
          "f1": 0.36923076923076925
        },
        "guilt-tripping": {
          "precision": 0.6666666666666666,
          "recall": 0.5652173913043478,
          "f1": 0.611764705882353
        },
        "emotional blackmail": {
          "precision": 0.6666666666666666,
          "recall": 0.4444444444444444,
          "f1": 0.5333333333333333
        },
        "fear enhancement": {
          "precision": 0.421875,
          "recall": 0.7105263157894737,
          "f1": 0.5294117647058824
        },
        "negging": {
          "precision": 0.41935483870967744,
          "recall": 0.3939393939393939,
          "f1": 0.40625
        },
        "general": {
          "precision": 0.9213483146067416,
          "recall": 0.9318181818181818,
          "f1": 0.9265536723163842
        }
      }
    }
  },
  "statistical_analysis": {
    "overall": {
      "hamming_accuracy": {
        "mean": 0.7579310367189013,
        "std": 0.018921944152363777,
        "var": 0.0003580399705051737,
        "confidence_interval_95": [
          0.7344363398888889,
          0.7814257335489136
        ]
      },
      "subset_accuracy": {
        "mean": 0.16179708388751673,
        "std": 0.028957136028720545,
        "var": 0.0008385157269858255,
        "confidence_interval_95": [
          0.12584205058956524,
          0.19775211718546823
        ]
      },