{
  "per_fold": {
    "fold_0": {
      "overall": {
        "hamming_accuracy": 0.7746478873239436,
        "subset_accuracy": 0.2112676056338028,
        "precision": 0.7754457946268292,
        "recall": 0.5042117358448004,
        "f1": 0.5784561372266575
      },
      "per_manipulation": {
        "peer pressure": {
          "precision": 0.8095238095238095,
          "recall": 0.68,
          "f1": 0.7391304347826086
        },
        "reciprocity pressure": {
          "precision": 0.75,
          "recall": 0.46153846153846156,
          "f1": 0.5714285714285714
        },
        "gaslighting": {
          "precision": 1.0,
          "recall": 0.1875,
          "f1": 0.3157894736842105
        },
        "guilt-tripping": {
          "precision": 0.7272727272727273,
          "recall": 0.25806451612903225,
          "f1": 0.38095238095238093
        },
        "emotional blackmail": {
          "precision": 0.7777777777777778,
          "recall": 0.5,
          "f1": 0.6086956521739131
        },
        "fear enhancement": {
          "precision": 0.5769230769230769,
          "recall": 0.6,
          "f1": 0.5882352941176471
        },
        "negging": {
          "precision": 0.7,
          "recall": 0.4375,
          "f1": 0.5384615384615384
        },
        "general": {
          "precision": 0.8620689655172413,
          "recall": 0.9090909090909091,
          "f1": 0.8849557522123894
        }
      }
    },
    "fold_4": {
      "overall": {
        "hamming_accuracy": 0.7994186046511628,
        "subset_accuracy": 0.28488372093023256,
        "precision": 0.7257065674864588,
        "recall": 0.5058757792458675,
        "f1": 0.5729048087607214
      },
      "per_manipulation": {
        "peer pressure": {
          "precision": 0.7037037037037037,
          "recall": 0.5588235294117647,
          "f1": 0.6229508196721312
        },
        "reciprocity pressure": {
          "precision": 0.6,
          "recall": 0.45454545454545453,
          "f1": 0.5172413793103449
        },
        "gaslighting": {
          "precision": 0.9545454545454546,
          "recall": 0.25609756097560976,
          "f1": 0.40384615384615385
        },
        "guilt-tripping": {
          "precision": 0.7619047619047619,
          "recall": 0.47761194029850745,
          "f1": 0.5871559633027523
        },
        "emotional blackmail": {
          "precision": 0.5714285714285714,
          "recall": 0.34782608695652173,
          "f1": 0.43243243243243246
        },
        "fear enhancement": {
          "precision": 0.6376811594202898,
          "recall": 0.7096774193548387,
          "f1": 0.6717557251908397
        },
        "negging": {
          "precision": 0.6875,
          "recall": 0.3333333333333333,
          "f1": 0.4489795918367347
        },
        "general": {
          "precision": 0.8888888888888888,
          "recall": 0.9090909090909091,
          "f1": 0.898876404494382
        }
      }
    },
    "fold_2": {
      "overall": {
        "hamming_accuracy": 0.7543103448275862,
        "subset_accuracy": 0.22413793103448276,
        "precision": 0.6794255902611881,
        "recall": 0.4546946845547863,
        "f1": 0.5193556188626499
      },
      "per_manipulation": {
        "peer pressure": {
          "precision": 0.5,
          "recall": 0.35,
          "f1": 0.4117647058823529
        },
        "reciprocity pressure": {
          "precision": 0.7142857142857143,
          "recall": 0.45454545454545453,
          "f1": 0.5555555555555556
        },
        "gaslighting": {
          "precision": 0.9166666666666666,
          "recall": 0.171875,
          "f1": 0.2894736842105263
        },
        "guilt-tripping": {
          "precision": 0.8260869565217391,
          "recall": 0.4418604651162791,
          "f1": 0.5757575757575758
        },
        "emotional blackmail": {
          "precision": 0.5,
          "recall": 0.4166666666666667,
          "f1": 0.45454545454545453
        },
        "fear enhancement": {
          "precision": 0.6346153846153846,
          "recall": 0.6,
          "f1": 0.616822429906542
        },
        "negging": {
          "precision": 0.5,
          "recall": 0.3125,
          "f1": 0.38461538461538464
        },
        "general": {
          "precision": 0.84375,
          "recall": 0.8901098901098901,
          "f1": 0.8663101604278075
        }
      }
    },
    "fold_1": {
      "overall": {
        "hamming_accuracy": 0.7445652173913043,
        "subset_accuracy": 0.15217391304347827,
        "precision": 0.6548506683375104,
        "recall": 0.4345899801229435,
        "f1": 0.492694860190952
      },
      "per_manipulation": {
        "peer pressure": {
          "precision": 0.7894736842105263,
          "recall": 0.7894736842105263,
          "f1": 0.7894736842105263
        },
        "reciprocity pressure": {
          "precision": 0.42857142857142855,
          "recall": 0.23076923076923078,
          "f1": 0.3
        },
        "gaslighting": {
          "precision": 1.0,
          "recall": 0.19230769230769232,
          "f1": 0.3225806451612903
        },
        "guilt-tripping": {
          "precision": 0.5263157894736842,
          "recall": 0.2777777777777778,
          "f1": 0.36363636363636365
        },
        "emotional blackmail": {
          "precision": 0.5,
          "recall": 0.3076923076923077,
          "f1": 0.38095238095238093
        },
        "fear enhancement": {
          "precision": 0.675,
          "recall": 0.627906976744186,
          "f1": 0.6506024096385542
        },
        "negging": {
          "precision": 0.4166666666666667,
          "recall": 0.1724137931034483,
          "f1": 0.24390243902439024
        },
        "general": {
          "precision": 0.9027777777777778,
          "recall": 0.8783783783783784,
          "f1": 0.8904109589041096
        }
      }
    },
    "fold_3": {
      "overall": {
        "hamming_accuracy": 0.78125,
        "subset_accuracy": 0.29464285714285715,
        "precision": 0.718849521275508,
        "recall": 0.48499758718417013,
        "f1": 0.5656878844278994
      },
      "per_manipulation": {
        "peer pressure": {
          "precision": 0.6923076923076923,
          "recall": 0.5806451612903226,
          "f1": 0.631578947368421
        },
        "reciprocity pressure": {
          "precision": 0.8181818181818182,
          "recall": 0.5,
          "f1": 0.6206896551724138
        },
        "gaslighting": {
          "precision": 0.8888888888888888,
          "recall": 0.3018867924528302,
          "f1": 0.4507042253521127
        },
        "guilt-tripping": {
          "precision": 0.7692307692307693,
          "recall": 0.43478260869565216,
          "f1": 0.5555555555555556
        },
        "emotional blackmail": {
          "precision": 0.6666666666666666,
          "recall": 0.4444444444444444,
          "f1": 0.5333333333333333
        },
        "fear enhancement": {
          "precision": 0.46875,
          "recall": 0.39473684210526316,
          "f1": 0.42857142857142855
        },
        "negging": {
          "precision": 0.5263157894736842,
          "recall": 0.30303030303030304,
          "f1": 0.38461538461538464
        },
        "general": {
          "precision": 0.9204545454545454,
          "recall": 0.9204545454545454,
          "f1": 0.9204545454545454
        }
      }
    }
  },
  "statistical_analysis": {
    "overall": {
      "hamming_accuracy": {
        "mean": 0.7708384108387993,
        "std": 0.019509989432622818,
        "var": 0.00038063968766105397,
        "confidence_interval_95": [
          0.7466135593549756,
          0.795063262322623
        ]
      },
      "subset_accuracy": {
        "mean": 0.2334212055569707,
        "std": 0.05210482670086438,
        "var": 0.0027149129655271095,
        "confidence_interval_95": [
          0.16872451810986108,
          0.2981178930040803
        ]
      },