{
  "per_fold": {
    "fold_0": {
      "overall": {
        "hamming_accuracy": 0.772887323943662,
        "subset_accuracy": 0.2112676056338028,
        "precision": 0.7535288296203919,
        "recall": 0.49770422118204377,
        "f1": 0.5672458682235304
      },
      "per_manipulation": {
        "peer pressure": {
          "precision": 0.85,
          "recall": 0.68,
          "f1": 0.7555555555555555
        },
        "reciprocity pressure": {
          "precision": 0.75,
          "recall": 0.46153846153846156,
          "f1": 0.5714285714285714
        },
        "gaslighting": {
          "precision": 1.0,
          "recall": 0.1875,
          "f1": 0.3157894736842105
        },
        "guilt-tripping": {
          "precision": 0.75,
          "recall": 0.2903225806451613,
          "f1": 0.4186046511627907
        },
        "emotional blackmail": {
          "precision": 0.5384615384615384,
          "recall": 0.5,
          "f1": 0.5185185185185185
        },
        "fear enhancement": {
          "precision": 0.6086956521739131,
          "recall": 0.56,
          "f1": 0.5833333333333334
        },
        "negging": {
          "precision": 0.6666666666666666,
          "recall": 0.375,
          "f1": 0.48
        },
        "general": {
          "precision": 0.864406779661017,
          "recall": 0.9272727272727272,
          "f1": 0.8947368421052632
        }
      }
    },
    "fold_4": {
      "overall": {
        "hamming_accuracy": 0.8008720930232558,
        "subset_accuracy": 0.29069767441860467,
        "precision": 0.7485461524319084,
        "recall": 0.49764503563331836,
        "f1": 0.5736810374923897
      },
      "per_manipulation": {
        "peer pressure": {
          "precision": 0.75,
          "recall": 0.5294117647058824,
          "f1": 0.6206896551724138
        },
        "reciprocity pressure": {
          "precision": 0.5833333333333334,
          "recall": 0.42424242424242425,
          "f1": 0.49122807017543857
        },
        "gaslighting": {
          "precision": 0.9523809523809523,
          "recall": 0.24390243902439024,
          "f1": 0.3883495145631068
        },
        "guilt-tripping": {
          "precision": 0.8048780487804879,
          "recall": 0.4925373134328358,
          "f1": 0.6111111111111112
        },
        "emotional blackmail": {
          "precision": 0.5789473684210527,
          "recall": 0.4782608695652174,
          "f1": 0.5238095238095238
        },
        "fear enhancement": {
          "precision": 0.6833333333333333,
          "recall": 0.6612903225806451,
          "f1": 0.6721311475409836
        },
        "negging": {
          "precision": 0.75,
          "recall": 0.2727272727272727,
          "f1": 0.4
        },
        "general": {
          "precision": 0.8854961832061069,
          "recall": 0.8787878787878788,
          "f1": 0.8821292775665399
        }
      }
    },
    "fold_2": {
      "overall": {
        "hamming_accuracy": 0.7640086206896551,
        "subset_accuracy": 0.22413793103448276,
        "precision": 0.7233093280832643,
        "recall": 0.4266698569114994,
        "f1": 0.5076940445361497
      },
      "per_manipulation": {
        "peer pressure": {
          "precision": 0.5,
          "recall": 0.25,
          "f1": 0.3333333333333333
        },
        "reciprocity pressure": {
          "precision": 0.7142857142857143,
          "recall": 0.45454545454545453,
          "f1": 0.5555555555555556
        },
        "gaslighting": {
          "precision": 0.9166666666666666,
          "recall": 0.171875,
          "f1": 0.2894736842105263
        },
        "guilt-tripping": {
          "precision": 0.8181818181818182,
          "recall": 0.4186046511627907,
          "f1": 0.5538461538461539
        },
        "emotional blackmail": {
          "precision": 0.625,
          "recall": 0.4166666666666667,
          "f1": 0.5
        },
        "fear enhancement": {
          "precision": 0.64,
          "recall": 0.5818181818181818,
          "f1": 0.6095238095238096
        },
        "negging": {
          "precision": 0.7,
          "recall": 0.21875,
          "f1": 0.3333333333333333
        },
        "general": {
          "precision": 0.8723404255319149,
          "recall": 0.9010989010989011,
          "f1": 0.8864864864864865
        }
      }
    },
    "fold_1": {
      "overall": {
        "hamming_accuracy": 0.7459239130434783,
        "subset_accuracy": 0.16304347826086957,
        "precision": 0.6614233536930905,
        "recall": 0.42370068792693616,
        "f1": 0.4902912910585858
      },
      "per_manipulation": {
        "peer pressure": {
          "precision": 0.9333333333333333,
          "recall": 0.7368421052631579,
          "f1": 0.8235294117647058
        },
        "reciprocity pressure": {
          "precision": 0.42857142857142855,
          "recall": 0.23076923076923078,
          "f1": 0.3
        },
        "gaslighting": {
          "precision": 1.0,
          "recall": 0.19230769230769232,
          "f1": 0.3225806451612903
        },
        "guilt-tripping": {
          "precision": 0.5263157894736842,
          "recall": 0.2777777777777778,
          "f1": 0.36363636363636365
        },
        "emotional blackmail": {
          "precision": 0.4444444444444444,
          "recall": 0.3076923076923077,
          "f1": 0.36363636363636365
        },
        "fear enhancement": {
          "precision": 0.6923076923076923,
          "recall": 0.627906976744186,
          "f1": 0.6585365853658537
        },
        "negging": {
          "precision": 0.36363636363636365,
          "recall": 0.13793103448275862,
          "f1": 0.2
        },
        "general": {
          "precision": 0.9027777777777778,
          "recall": 0.8783783783783784,
          "f1": 0.8904109589041096
        }
      }
    },
    "fold_3": {
      "overall": {
        "hamming_accuracy": 0.7868303571428571,
        "subset_accuracy": 0.32142857142857145,
        "precision": 0.7369001064368657,
        "recall": 0.48373729826021705,
        "f1": 0.5545361196149141
      },
      "per_manipulation": {
        "peer pressure": {
          "precision": 0.72,
          "recall": 0.5806451612903226,
          "f1": 0.6428571428571429
        },
        "reciprocity pressure": {
          "precision": 0.8888888888888888,
          "recall": 0.4444444444444444,
          "f1": 0.5925925925925926
        },
        "gaslighting": {
          "precision": 1.0,
          "recall": 0.2641509433962264,
          "f1": 0.417910447761194
        },
        "guilt-tripping": {
          "precision": 0.8076923076923077,
          "recall": 0.45652173913043476,
          "f1": 0.5833333333333334
        },
        "emotional blackmail": {
          "precision": 0.4166666666666667,
          "recall": 0.5555555555555556,
          "f1": 0.47619047619047616
        },
        "fear enhancement": {
          "precision": 0.5483870967741935,
          "recall": 0.4473684210526316,
          "f1": 0.4927536231884058
        },
        "negging": {
          "precision": 0.5833333333333334,
          "recall": 0.21212121212121213,
          "f1": 0.3111111111111111
        },
        "general": {
          "precision": 0.9302325581395349,
          "recall": 0.9090909090909091,
          "f1": 0.9195402298850575
        }
      }
    }
  },
  "statistical_analysis": {
    "overall": {
      "hamming_accuracy": {
        "mean": 0.7741044615685817,
        "std": 0.01884677826094916,
        "var": 0.0003552010508173858,
        "confidence_interval_95": [
          0.7507030955198317,
          0.7975058276173317
        ]
      },
      "subset_accuracy": {
        "mean": 0.24211505215526624,
        "std": 0.0568822664181414,
        "var": 0.0032355922328644164,
        "confidence_interval_95": [
          0.17148638980762496,
          0.3127437145029075
        ]
      },