{
  "per_fold": {
    "fold_0": {
      "overall": {
        "hamming_accuracy": 0.7834507042253521,
        "subset_accuracy": 0.2112676056338028,
        "precision": 0.7624102870813397,
        "recall": 0.5442062373110761,
        "f1": 0.6020690314287659
      },
      "per_manipulation": {
        "peer pressure": {
          "precision": 0.8181818181818182,
          "recall": 0.72,
          "f1": 0.7659574468085106
        },
        "reciprocity pressure": {
          "precision": 0.75,
          "recall": 0.46153846153846156,
          "f1": 0.5714285714285714
        },
        "gaslighting": {
          "precision": 1.0,
          "recall": 0.1875,
          "f1": 0.3157894736842105
        },
        "guilt-tripping": {
          "precision": 0.7857142857142857,
          "recall": 0.3548387096774194,
          "f1": 0.4888888888888889
        },
        "emotional blackmail": {
          "precision": 0.6363636363636364,
          "recall": 0.5,
          "f1": 0.56
        },
        "fear enhancement": {
          "precision": 0.5714285714285714,
          "recall": 0.64,
          "f1": 0.6037735849056604
        },
        "negging": {
          "precision": 0.6428571428571429,
          "recall": 0.5625,
          "f1": 0.6
        },
        "general": {
          "precision": 0.8947368421052632,
          "recall": 0.9272727272727272,
          "f1": 0.9107142857142857
        }
      }
    },
    "fold_4": {
      "overall": {
        "hamming_accuracy": 0.784156976744186,
        "subset_accuracy": 0.2558139534883721,
        "precision": 0.6709438016732507,
        "recall": 0.524482131914966,
        "f1": 0.5641659610226364
      },
      "per_manipulation": {
        "peer pressure": {
          "precision": 0.59375,
          "recall": 0.5588235294117647,
          "f1": 0.5757575757575758
        },
        "reciprocity pressure": {
          "precision": 0.5384615384615384,
          "recall": 0.42424242424242425,
          "f1": 0.4745762711864407
        },
        "gaslighting": {
          "precision": 0.9523809523809523,
          "recall": 0.24390243902439024,
          "f1": 0.3883495145631068
        },
        "guilt-tripping": {
          "precision": 0.7441860465116279,
          "recall": 0.47761194029850745,
          "f1": 0.5818181818181818
        },
        "emotional blackmail": {
          "precision": 0.47058823529411764,
          "recall": 0.34782608695652173,
          "f1": 0.4
        },
        "fear enhancement": {
          "precision": 0.575,
          "recall": 0.7419354838709677,
          "f1": 0.647887323943662
        },
        "negging": {
          "precision": 0.5862068965517241,
          "recall": 0.5151515151515151,
          "f1": 0.5483870967741935
        },
        "general": {
          "precision": 0.9069767441860465,
          "recall": 0.8863636363636364,
          "f1": 0.896551724137931
        }
      }
    },
    "fold_2": {
      "overall": {
        "hamming_accuracy": 0.7543103448275862,
        "subset_accuracy": 0.21551724137931033,
        "precision": 0.6794454842417762,
        "recall": 0.45869954597243845,
        "f1": 0.5167704699382616
      },
      "per_manipulation": {
        "peer pressure": {
          "precision": 0.35294117647058826,
          "recall": 0.3,
          "f1": 0.32432432432432434
        },
        "reciprocity pressure": {
          "precision": 0.7142857142857143,
          "recall": 0.45454545454545453,
          "f1": 0.5555555555555556
        },
        "gaslighting": {
          "precision": 1.0,
          "recall": 0.171875,
          "f1": 0.29333333333333333
        },
        "guilt-tripping": {
          "precision": 0.782608695652174,
          "recall": 0.4186046511627907,
          "f1": 0.5454545454545454
        },
        "emotional blackmail": {
          "precision": 0.5555555555555556,
          "recall": 0.4166666666666667,
          "f1": 0.47619047619047616
        },
        "fear enhancement": {
          "precision": 0.6451612903225806,
          "recall": 0.7272727272727273,
          "f1": 0.6837606837606838
        },
        "negging": {
          "precision": 0.5263157894736842,
          "recall": 0.3125,
          "f1": 0.39215686274509803
        },
        "general": {
          "precision": 0.8586956521739131,
          "recall": 0.8681318681318682,
          "f1": 0.8633879781420765
        }
      }
    },
    "fold_1": {
      "overall": {
        "hamming_accuracy": 0.7432065217391305,
        "subset_accuracy": 0.15217391304347827,
        "precision": 0.6567829965927792,
        "recall": 0.44485218159404627,
        "f1": 0.5002086338574857
      },
      "per_manipulation": {
        "peer pressure": {
          "precision": 0.75,
          "recall": 0.7894736842105263,
          "f1": 0.7692307692307693
        },
        "reciprocity pressure": {
          "precision": 0.42857142857142855,
          "recall": 0.23076923076923078,
          "f1": 0.3
        },
        "gaslighting": {
          "precision": 1.0,
          "recall": 0.19230769230769232,
          "f1": 0.3225806451612903
        },
        "guilt-tripping": {
          "precision": 0.6086956521739131,
          "recall": 0.3888888888888889,
          "f1": 0.4745762711864407
        },
        "emotional blackmail": {
          "precision": 0.375,
          "recall": 0.23076923076923078,
          "f1": 0.2857142857142857
        },
        "fear enhancement": {
          "precision": 0.6444444444444445,
          "recall": 0.6744186046511628,
          "f1": 0.6590909090909091
        },
        "negging": {
          "precision": 0.5384615384615384,
          "recall": 0.2413793103448276,
          "f1": 0.3333333333333333
        },
        "general": {
          "precision": 0.9090909090909091,
          "recall": 0.8108108108108109,
          "f1": 0.8571428571428571
        }
      }
    },
    "fold_3": {
      "overall": {
        "hamming_accuracy": 0.7745535714285714,
        "subset_accuracy": 0.25892857142857145,
        "precision": 0.6996327379410114,
        "recall": 0.5323541224750729,
        "f1": 0.5811981416208559
      },
      "per_manipulation": {
        "peer pressure": {
          "precision": 0.6451612903225806,
          "recall": 0.6451612903225806,
          "f1": 0.6451612903225806
        },
        "reciprocity pressure": {
          "precision": 0.8,
          "recall": 0.4444444444444444,
          "f1": 0.5714285714285714
        },
        "gaslighting": {
          "precision": 1.0,
          "recall": 0.3018867924528302,
          "f1": 0.463768115942029
        },
        "guilt-tripping": {
          "precision": 0.6774193548387096,
          "recall": 0.45652173913043476,
          "f1": 0.5454545454545454
        },
        "emotional blackmail": {
          "precision": 0.5555555555555556,
          "recall": 0.5555555555555556,
          "f1": 0.5555555555555556
        },
        "fear enhancement": {
          "precision": 0.4791666666666667,
          "recall": 0.6052631578947368,
          "f1": 0.5348837209302325
        },
        "negging": {
          "precision": 0.5,
          "recall": 0.36363636363636365,
          "f1": 0.42105263157894735
        },
        "general": {
          "precision": 0.9397590361445783,
          "recall": 0.8863636363636364,
          "f1": 0.9122807017543859
        }
      }
    }
  },
  "statistical_analysis": {
    "overall": {
      "hamming_accuracy": {
        "mean": 0.7679356237929653,
        "std": 0.01640014608820613,
        "var": 0.0002689647917145029,
        "confidence_interval_95": [
          0.7475721528299575,
          0.7882990947559732
        ]
      },
      "subset_accuracy": {
        "mean": 0.218740256994707,
        "std": 0.03869590697681489,
        "var": 0.001497373216758311,
        "confidence_interval_95": [
          0.17069294242375402,
          0.26678757156566
        ]
      },