{
  "per_fold": {
    "fold_0": {
      "overall": {
        "hamming_accuracy": 0.7376760563380281,
        "subset_accuracy": 0.19718309859154928,
        "precision": 0.6174873737373737,
        "recall": 0.17905235389610388,
        "f1": 0.26737284387439186
      },
      "per_manipulation": {
        "peer pressure": {
          "precision": 0.7777777777777778,
          "recall": 0.28,
          "f1": 0.4117647058823529
        },
        "reciprocity pressure": {
          "precision": 0.0,
          "recall": 0.0,
          "f1": 0.0
        },
        "gaslighting": {
          "precision": 1.0,
          "recall": 0.09375,
          "f1": 0.17142857142857143
        },
        "guilt-tripping": {
          "precision": 0.0,
          "recall": 0.0,
          "f1": 0.0
        },
        "emotional blackmail": {
          "precision": 0.6666666666666666,
          "recall": 0.2857142857142857,
          "f1": 0.4
        },
        "fear enhancement": {
          "precision": 0.5454545454545454,
          "recall": 0.24,
          "f1": 0.3333333333333333
        },
        "negging": {
          "precision": 1.0,
          "recall": 0.1875,
          "f1": 0.3157894736842105
        },
        "general": {
          "precision": 0.95,
          "recall": 0.34545454545454546,
          "f1": 0.5066666666666667
        }
      }
    },
    "fold_4": {
      "overall": {
        "hamming_accuracy": 0.7238372093023255,
        "subset_accuracy": 0.1686046511627907,
        "precision": 0.3857843137254902,
        "recall": 0.18049181714338539,
        "f1": 0.22505758807588075
      },
      "per_manipulation": {
        "peer pressure": {
          "precision": 0.5,
          "recall": 0.3235294117647059,
          "f1": 0.39285714285714285
        },
        "reciprocity pressure": {
          "precision": 0.0,
          "recall": 0.0,
          "f1": 0.0
        },
        "gaslighting": {
          "precision": 1.0,
          "recall": 0.0975609756097561,
          "f1": 0.17777777777777778
        },
        "guilt-tripping": {
          "precision": 0.0,
          "recall": 0.0,
          "f1": 0.0
        },
        "emotional blackmail": {
          "precision": 0.3333333333333333,
          "recall": 0.2608695652173913,
          "f1": 0.2926829268292683
        },
        "fear enhancement": {
          "precision": 0.4,
          "recall": 0.3225806451612903,
          "f1": 0.35714285714285715
        },
        "negging": {
          "precision": 0.0,
          "recall": 0.0,
          "f1": 0.0
        },
        "general": {
          "precision": 0.8529411764705882,
          "recall": 0.4393939393939394,
          "f1": 0.58
        }
      }
    },
    "fold_2": {
      "overall": {
        "hamming_accuracy": 0.7273706896551724,
        "subset_accuracy": 0.14655172413793102,
        "precision": 0.5313873626373626,
        "recall": 0.13220126227938728,
        "f1": 0.19063671860716047
      },
      "per_manipulation": {
        "peer pressure": {
          "precision": 0.5,
          "recall": 0.15,
          "f1": 0.23076923076923078
        },
        "reciprocity pressure": {
          "precision": 0.0,
          "recall": 0.0,
          "f1": 0.0
        },
        "gaslighting": {
          "precision": 1.0,
          "recall": 0.046875,
          "f1": 0.08955223880597014
        },
        "guilt-tripping": {
          "precision": 0.0,
          "recall": 0.0,
          "f1": 0.0
        },
        "emotional blackmail": {
          "precision": 0.25,
          "recall": 0.16666666666666666,
          "f1": 0.2
        },
        "fear enhancement": {
          "precision": 0.6153846153846154,
          "recall": 0.2909090909090909,
          "f1": 0.3950617283950617
        },
        "negging": {
          "precision": 1.0,
          "recall": 0.0625,
          "f1": 0.11764705882352941
        },
        "general": {
          "precision": 0.8857142857142857,
          "recall": 0.34065934065934067,
          "f1": 0.49206349206349204
        }
      }
    },
    "fold_1": {
      "overall": {
        "hamming_accuracy": 0.7228260869565217,
        "subset_accuracy": 0.15217391304347827,
        "precision": 0.5192799298402746,
        "recall": 0.1864185035440786,
        "f1": 0.24940652361573562
      },
      "per_manipulation": {
        "peer pressure": {
          "precision": 0.5454545454545454,
          "recall": 0.3157894736842105,
          "f1": 0.4
        },
        "reciprocity pressure": {
          "precision": 0.0,
          "recall": 0.0,
          "f1": 0.0
        },
        "gaslighting": {
          "precision": 1.0,
          "recall": 0.019230769230769232,
          "f1": 0.03773584905660377
        },
        "guilt-tripping": {
          "precision": 0.0,
          "recall": 0.0,
          "f1": 0.0
        },
        "emotional blackmail": {
          "precision": 0.5,
          "recall": 0.15384615384615385,
          "f1": 0.23529411764705882
        },
        "fear enhancement": {
          "precision": 0.6206896551724138,
          "recall": 0.4186046511627907,
          "f1": 0.5
        },
        "negging": {
          "precision": 0.5714285714285714,
          "recall": 0.13793103448275862,
          "f1": 0.2222222222222222
        },
        "general": {
          "precision": 0.9166666666666666,
          "recall": 0.44594594594594594,
          "f1": 0.6
        }
      }
    },
    "fold_3": {
      "overall": {
        "hamming_accuracy": 0.7421875,
        "subset_accuracy": 0.20535714285714285,
        "precision": 0.5331662657043571,
        "recall": 0.17199387806048438,
        "f1": 0.2304958721436649
      },
      "per_manipulation": {
        "peer pressure": {
          "precision": 0.7333333333333333,
          "recall": 0.3548387096774194,
          "f1": 0.4782608695652174
        },
        "reciprocity pressure": {
          "precision": 0.0,
          "recall": 0.0,
          "f1": 0.0
        },
        "gaslighting": {
          "precision": 1.0,
          "recall": 0.07547169811320754,
          "f1": 0.14035087719298245
        },
        "guilt-tripping": {
          "precision": 0.0,
          "recall": 0.0,
          "f1": 0.0
        },
        "emotional blackmail": {
          "precision": 0.2,
          "recall": 0.1111111111111111,
          "f1": 0.14285714285714285
        },
        "fear enhancement": {
          "precision": 0.4482758620689655,
          "recall": 0.34210526315789475,
          "f1": 0.3880597014925373
        },
        "negging": {
          "precision": 1.0,
          "recall": 0.06060606060606061,
          "f1": 0.11428571428571428
        },
        "general": {
          "precision": 0.8837209302325582,
          "recall": 0.4318181818181818,
          "f1": 0.5801526717557252
        }
      }
    }
  },
  "statistical_analysis": {
    "overall": {
      "hamming_accuracy": {
        "mean": 0.7307795084504095,
        "std": 0.007755992785729374,
        "var": 6.015542409228609e-05,
        "confidence_interval_95": [
          0.7211491714380412,
          0.7404098454627778
        ]
      },
      "subset_accuracy": {
        "mean": 0.17397410595857843,
        "std": 0.023578035646214957,
        "var": 0.0005559237649341832,
        "confidence_interval_95": [
          0.14469810794830823,
          0.20325010396884863
        ]
      },
      "precision": {
        "mean": 0.5174210491289717,
        "std": 0.07454921142955113,
        "var": 0.005557584924767918,
        "confidence_interval_95": [
          0.4248559772024173,
          0.6099861210555261
        ]
      },
      "recall": {
        "mean": 0.1700315629846879,
        "std": 0.019464355825658367,
        "var": 0.00037886114770784084,
        "confidence_interval_95": [
          0.14586337310774017,
          0.19419975286163565
        ]
      },
      "f1": {
        "mean": 0.23259390926336673,