{
  "per_fold": {
    "fold_0": {
      "overall": {
        "hamming_accuracy": 0.7799295774647887,
        "subset_accuracy": 0.19718309859154928,
        "precision": 0.733568661799594,
        "recall": 0.6418317871644483,
        "f1": 0.6502944162639783
      },
      "per_manipulation": {
        "peer pressure": {
          "precision": 0.8181818181818182,
          "recall": 0.72,
          "f1": 0.7659574468085106
        },
        "reciprocity pressure": {
          "precision": 0.8571428571428571,
          "recall": 0.46153846153846156,
          "f1": 0.6
        },
        "gaslighting": {
          "precision": 0.9090909090909091,
          "recall": 0.3125,
          "f1": 0.46511627906976744
        },
        "guilt-tripping": {
          "precision": 0.625,
          "recall": 0.6451612903225806,
          "f1": 0.6349206349206349
        },
        "emotional blackmail": {
          "precision": 0.7777777777777778,
          "recall": 0.5,
          "f1": 0.6086956521739131
        },
        "fear enhancement": {
          "precision": 0.5,
          "recall": 0.8,
          "f1": 0.6153846153846154
        },
        "negging": {
          "precision": 0.5,
          "recall": 0.75,
          "f1": 0.6
        },
        "general": {
          "precision": 0.8813559322033898,
          "recall": 0.9454545454545454,
          "f1": 0.9122807017543859
        }
      }
    },
    "fold_4": {
      "overall": {
        "hamming_accuracy": 0.7761627906976745,
        "subset_accuracy": 0.19186046511627908,
        "precision": 0.6425815584741108,
        "recall": 0.603805366119526,
        "f1": 0.5909807909510386
      },
      "per_manipulation": {
        "peer pressure": {
          "precision": 0.5882352941176471,
          "recall": 0.5882352941176471,
          "f1": 0.5882352941176471
        },
        "reciprocity pressure": {
          "precision": 0.5238095238095238,
          "recall": 0.3333333333333333,
          "f1": 0.4074074074074074
        },
        "gaslighting": {
          "precision": 0.896551724137931,
          "recall": 0.3170731707317073,
          "f1": 0.46846846846846846
        },
        "guilt-tripping": {
          "precision": 0.5897435897435898,
          "recall": 0.6865671641791045,
          "f1": 0.6344827586206897
        },
        "emotional blackmail": {
          "precision": 0.6428571428571429,
          "recall": 0.391304347826087,
          "f1": 0.4864864864864865
        },
        "fear enhancement": {
          "precision": 0.5145631067961165,
          "recall": 0.8548387096774194,
          "f1": 0.6424242424242425
        },
        "negging": {
          "precision": 0.5,
          "recall": 0.7272727272727273,
          "f1": 0.5925925925925926
        },
        "general": {
          "precision": 0.8848920863309353,
          "recall": 0.9318181818181818,
          "f1": 0.9077490774907749
        }
      }
    },
    "fold_2": {
      "overall": {
        "hamming_accuracy": 0.7359913793103449,
        "subset_accuracy": 0.12931034482758622,
        "precision": 0.6114860888877832,
        "recall": 0.4991859279286605,
        "f1": 0.5212513688959889
      },
      "per_manipulation": {
        "peer pressure": {
          "precision": 0.38461538461538464,
          "recall": 0.25,
          "f1": 0.30303030303030304
        },
        "reciprocity pressure": {
          "precision": 0.625,
          "recall": 0.45454545454545453,
          "f1": 0.5263157894736842
        },
        "gaslighting": {
          "precision": 0.8235294117647058,
          "recall": 0.21875,
          "f1": 0.345679012345679
        },
        "guilt-tripping": {
          "precision": 0.5208333333333334,
          "recall": 0.5813953488372093,
          "f1": 0.5494505494505495
        },
        "emotional blackmail": {
          "precision": 0.6666666666666666,
          "recall": 0.3333333333333333,
          "f1": 0.4444444444444444
        },
        "fear enhancement": {
          "precision": 0.6086956521739131,
          "recall": 0.7636363636363637,
          "f1": 0.6774193548387096
        },
        "negging": {
          "precision": 0.40540540540540543,
          "recall": 0.46875,
          "f1": 0.43478260869565216
        },
        "general": {
          "precision": 0.8571428571428571,
          "recall": 0.9230769230769231,
          "f1": 0.8888888888888888
        }
      }
    },
    "fold_1": {
      "overall": {
        "hamming_accuracy": 0.7459239130434783,
        "subset_accuracy": 0.14130434782608695,
        "precision": 0.6515733662472792,
        "recall": 0.5478038186591345,
        "f1": 0.5579890022918497
      },
      "per_manipulation": {
        "peer pressure": {
          "precision": 0.7619047619047619,
          "recall": 0.8421052631578947,
          "f1": 0.8
        },
        "reciprocity pressure": {
          "precision": 0.42857142857142855,
          "recall": 0.23076923076923078,
          "f1": 0.3
        },
        "gaslighting": {
          "precision": 0.8461538461538461,
          "recall": 0.21153846153846154,
          "f1": 0.3384615384615385
        },
        "guilt-tripping": {
          "precision": 0.5434782608695652,
          "recall": 0.6944444444444444,
          "f1": 0.6097560975609756
        },
        "emotional blackmail": {
          "precision": 0.6,
          "recall": 0.23076923076923078,
          "f1": 0.3333333333333333
        },
        "fear enhancement": {
          "precision": 0.5666666666666667,
          "recall": 0.7906976744186046,
          "f1": 0.6601941747572816
        },
        "negging": {
          "precision": 0.5769230769230769,
          "recall": 0.5172413793103449,
          "f1": 0.5454545454545454
        },
        "general": {
          "precision": 0.8888888888888888,
          "recall": 0.8648648648648649,
          "f1": 0.8767123287671232
        }
      }
    },
    "fold_3": {
      "overall": {
        "hamming_accuracy": 0.7544642857142857,
        "subset_accuracy": 0.23214285714285715,
        "precision": 0.6857823044620797,
        "recall": 0.5727629534012335,
        "f1": 0.5933021561450198
      },
      "per_manipulation": {
        "peer pressure": {
          "precision": 0.6060606060606061,
          "recall": 0.6451612903225806,
          "f1": 0.625
        },
        "reciprocity pressure": {
          "precision": 0.8888888888888888,
          "recall": 0.4444444444444444,
          "f1": 0.5925925925925926
        },
        "gaslighting": {
          "precision": 0.9444444444444444,
          "recall": 0.32075471698113206,
          "f1": 0.4788732394366197
        },
        "guilt-tripping": {
          "precision": 0.5777777777777777,
          "recall": 0.5652173913043478,
          "f1": 0.5714285714285714
        },
        "emotional blackmail": {
          "precision": 0.6666666666666666,
          "recall": 0.4444444444444444,
          "f1": 0.5333333333333333
        },
        "fear enhancement": {
          "precision": 0.35384615384615387,
          "recall": 0.6052631578947368,
          "f1": 0.44660194174757284
        },
        "negging": {
          "precision": 0.5384615384615384,
          "recall": 0.6363636363636364,
          "f1": 0.5833333333333334
        },
        "general": {
          "precision": 0.9101123595505618,
          "recall": 0.9204545454545454,
          "f1": 0.9152542372881356
        }
      }
    }
  },
  "statistical_analysis": {
    "overall": {
      "hamming_accuracy": {
        "mean": 0.7584943892461145,
        "std": 0.01704279182781464,
        "var": 0.0002904567532862255,
        "confidence_interval_95": [
          0.7373329682046357,
          0.7796558102875932
        ]
      },
      "subset_accuracy": {
        "mean": 0.17836022270087173,
        "std": 0.03796882234600062,
        "var": 0.0014416314703421561,